Model,Accuracy,ROC_AUC
Random Forest,98.76893939393939,
Decision Tree,99.36868686868688,N/A
Xgboost,99.65277777777779,
Svm,1.10479797979798,
