Model,Silhouette_Score,N_Clusters,N_Noise
KMEANS,0.2575261042297855,5,0
DBSCAN,0.17436370815726898,396,7157
