{
  "random_forest_regressor": {
    "rmse": 16.853577620341003,
    "mae": 9.683344507648489
  }
}